last_name,email,index
Doe,john-doe@bogusemail.com,1
Smith-Robinson,maryjacobs@bogusemail.com,2
Smith,davesmith@bogusemail.com,3
Wright,tomwright@bogusemail.com,4
Robinson,steverobinson@bogusemail.com,5
Jacobs,nicolejacobs@bogusemail.com,6
Wright,kurtwright@bogusemail.com,7
Robinson,kurtrobinson@bogusemail.com,8
Robinson,neilrobinson@bogusemail.com,9
Patterson,tompatterson@bogusemail.com,10
Jenkins,samjenkins@bogusemail.com,11
Stuart,stevestuart@bogusemail.com,12
Patterson,maggiepatterson@bogusemail.com,13
Stuart,maggiestuart@bogusemail.com,14
Patterson,stevepatterson@bogusemail.com,15
Smith,davesmith@bogusemail.com,16
Wilks,samwilks@bogusemail.com,17
Jefferson,kurtjefferson@bogusemail.com,18
Stuart,samstuart@bogusemail.com,19
Davis,davedavis@bogusemail.com,20
Patterson,sampatterson@bogusemail.com,21
Jefferson,tomjefferson@bogusemail.com,22
Jefferson,maggiejefferson@bogusemail.com,23
Wilks,marywilks@bogusemail.com,24
Patterson,neilpatterson@bogusemail.com,25
Davis,coreydavis@bogusemail.com,26
Jacobs,stevejacobs@bogusemail.com,27
Jacobs,johnjacobs@bogusemail.com,28
Smith,neilsmith@bogusemail.com,29
Wilks,coreywilks@bogusemail.com,30
Smith,coreysmith@bogusemail.com,31
Patterson,marypatterson@bogusemail.com,32
Arnold,travisarnold@bogusemail.com,33
Robinson,johnrobinson@bogusemail.com,34
Arnold,travisarnold@bogusemail.com,35
